{"Item1":1.43365276,"Item2":1.01467025,"Item3":19.7498474}
